{
    "Bleu": [
        20.574552677894815,
        13.114901235009738,
        7.960844700268242,
        4.852334993337147
    ],
    "ROUGE_L": 20.90133286506235,
    "CIDEr": 0.9058420182968198
}