{
    "Bleu": [
        71.25291375291238,
        52.98439776107512,
        37.94426430169584,
        26.70077423339961
    ],
    "ROUGE_L": 51.01334481136488,
    "CIDEr": 79.11262302447118
}