{
    "Bleu": [
        20.727923913564215,
        13.266302394490998,
        8.06431763522289,
        4.934991043224792
    ],
    "ROUGE_L": 20.95472580803509,
    "CIDEr": 0.7150422381429437
}