{
    "Bleu": [
        31.330740937471656,
        20.84441960958008,
        13.414331556386472,
        8.558919422345616
    ],
    "ROUGE_L": 31.686473260769333,
    "CIDEr": 15.281353499674838
}