"split","Overall","AR","CP","FP-C","FP-S","LR","RR","action_recognition","attribute_comparison","attribute_recognition","celebrity_recognition","function_reasoning","future_prediction","identity_reasoning","image_emotion","image_quality","image_scene","image_style","image_topic","nature_relation","object_localization","ocr","physical_property_reasoning","physical_relation","social_relation","spatial_relationship","structuralized_imagetext_understanding"
"dev","0.8127147766323024","0.7889447236180904","0.8682432432432432","0.7482517482517482","0.8771331058020477","0.6186440677966102","0.8260869565217391","0.9259259259259259","0.8181818181818182","0.9594594594594594","0.9494949494949495","0.8607594936708861","0.525","0.9333333333333333","0.88","0.6226415094339622","0.9615384615384616","0.9245283018867925","0.8611111111111112","0.8541666666666666","0.691358024691358","0.9230769230769231","0.6266666666666667","0.5416666666666666","0.9534883720930233","0.4666666666666667","0.6666666666666666"
