{
    "Bleu": [
        20.75317416815672,
        13.297857706846344,
        8.084919836381319,
        4.939906159416659
    ],
    "ROUGE_L": 20.969849220819434,
    "CIDEr": 0.7051662817453253
}