{
    "Bleu": [
        20.727934812880445,
        13.29511343750212,
        8.08911678778638,
        4.944672960069577
    ],
    "ROUGE_L": 20.926098678262058,
    "CIDEr": 0.6968844000603125
}