{
    "Bleu": [
        62.31799450549344,
        43.99097055683275,
        30.477544118236754,
        20.91025206009884
    ],
    "ROUGE_L": 46.208693019728855,
    "CIDEr": 63.052820086107616
}