"split","Overall","AR","CP","FP-C","FP-S","LR","RR","action_recognition","attribute_comparison","attribute_recognition","celebrity_recognition","function_reasoning","future_prediction","identity_reasoning","image_emotion","image_quality","image_scene","image_style","image_topic","nature_relation","object_localization","ocr","physical_property_reasoning","physical_relation","social_relation","spatial_relationship","structuralized_imagetext_understanding"
"dev","0.5197594501718213","0.6582914572864321","0.6385135135135135","0.4965034965034965","0.49146757679180886","0.2288135593220339","0.3739130434782609","0.6666666666666666","0.6363636363636364","0.6621621621621622","0.5656565656565656","0.6708860759493671","0.2","0.8888888888888888","0.66","0.20754716981132076","0.8942307692307693","0.4716981132075472","0.75","0.3125","0.24691358024691357","0.48717948717948717","0.5066666666666667","0.3333333333333333","0.46511627906976744","0.15555555555555556","0.24358974358974358"
