{
    "Bleu": [
        23.040143794425045,
        14.708292305478857,
        9.002778647913475,
        5.523974130009266
    ],
    "ROUGE_L": 23.902697255439385,
    "CIDEr": 4.1321263772637895
}