{
    "meta": {
        "dataset": "COCO_VAL",
        "seed": 42,
        "sample_size": 500,
        "vlmeval_git": "7f546e4",
        "generated_at": "2026-01-11T21:26:41.827766"
    },
    "summary": {
        "e2e_p50": 2.6690800189971924,
        "e2e_p95": 2.6690800189971924,
        "ttft_p50": 0.08948016166687012,
        "ttft_p95": 0.08948016166687012,
        "ttft_avg": 0.08948016166687012,
        "tps_p50": 24.815888946000214,
        "tps_avg": 24.815888946000214,
        "tbt_p50": 0.0402967631816864,
        "tbt_p95": 0.0402967631816864,
        "tbt_avg": 0.0402967631816864,
        "vram_max_mb": 14303.83056640625,
        "avg_output_len": 65.0,
        "avg_input_len": 68.0
    },
    "samples": [
        {
            "e2e": 2.6690800189971924,
            "ttft": 0.08948016166687012,
            "tbt": 0.0402967631816864,
            "vram": 14303.83056640625,
            "out_len": 65,
            "in_len": 68
        }
    ]
}