{
    "Bleu": [
        21.441445975659175,
        13.801087935385656,
        8.500400969051979,
        5.254732671117701
    ],
    "ROUGE_L": 22.23435398002869,
    "CIDEr": 1.5677937202121597
}