"split","Overall","AR","CP","FP-C","FP-S","LR","RR","action_recognition","attribute_comparison","attribute_recognition","celebrity_recognition","function_reasoning","future_prediction","identity_reasoning","image_emotion","image_quality","image_scene","image_style","image_topic","nature_relation","object_localization","ocr","physical_property_reasoning","physical_relation","social_relation","spatial_relationship","structuralized_imagetext_understanding"
"dev","0.5936426116838488","0.6934673366834171","0.7466216216216216","0.5454545454545454","0.5802047781569966","0.2288135593220339","0.4956521739130435","0.8333333333333334","0.5909090909090909","0.6621621621621622","0.7575757575757576","0.7215189873417721","0.25","0.9333333333333333","0.78","0.32075471698113206","0.9519230769230769","0.6981132075471698","0.8055555555555556","0.3333333333333333","0.30864197530864196","0.5384615384615384","0.52","0.20833333333333334","0.8372093023255814","0.15555555555555556","0.21794871794871795"
