"split","Overall","AR","CP","FP-C","FP-S","LR","RR","action_recognition","attribute_comparison","attribute_recognition","celebrity_recognition","function_reasoning","future_prediction","identity_reasoning","image_emotion","image_quality","image_scene","image_style","image_topic","nature_relation","object_localization","ocr","physical_property_reasoning","physical_relation","social_relation","spatial_relationship","structuralized_imagetext_understanding"
"dev","0.5558419243986255","0.6381909547738693","0.7027027027027027","0.5314685314685315","0.5324232081911263","0.2542372881355932","0.43478260869565216","0.7777777777777778","0.5909090909090909","0.6891891891891891","0.6060606060606061","0.7088607594936709","0.275","0.8444444444444444","0.74","0.3584905660377358","0.9326923076923077","0.49056603773584906","0.8055555555555556","0.3333333333333333","0.2839506172839506","0.5641025641025641","0.44","0.3333333333333333","0.6046511627906976","0.17777777777777778","0.24358974358974358"
