{
    "Bleu": [
        67.23941717505146,
        49.293393606116794,
        35.24921299964495,
        24.903612747216357
    ],
    "ROUGE_L": 48.46025244391956,
    "CIDEr": 74.05894930846829
}