"split","Overall","AR","CP","FP-C","FP-S","LR","RR","action_recognition","attribute_comparison","attribute_recognition","celebrity_recognition","function_reasoning","future_prediction","identity_reasoning","image_emotion","image_quality","image_scene","image_style","image_topic","nature_relation","object_localization","ocr","physical_property_reasoning","physical_relation","social_relation","spatial_relationship","structuralized_imagetext_understanding"
"dev","0.6030927835051546","0.7286432160804021","0.7466216216216216","0.5454545454545454","0.5767918088737202","0.2542372881355932","0.5130434782608696","0.8333333333333334","0.5909090909090909","0.6891891891891891","0.7575757575757576","0.7721518987341772","0.275","0.9333333333333333","0.78","0.3018867924528302","0.9519230769230769","0.7169811320754716","0.8055555555555556","0.3333333333333333","0.2839506172839506","0.5128205128205128","0.56","0.25","0.8604651162790697","0.15555555555555556","0.24358974358974358"
