"split","Overall","AR","CP","FP-C","FP-S","LR","RR","action_recognition","attribute_comparison","attribute_recognition","celebrity_recognition","function_reasoning","future_prediction","identity_reasoning","image_emotion","image_quality","image_scene","image_style","image_topic","nature_relation","object_localization","ocr","physical_property_reasoning","physical_relation","social_relation","spatial_relationship","structuralized_imagetext_understanding"
"dev","0.6280068728522337","0.7286432160804021","0.7567567567567568","0.5804195804195804","0.6348122866894198","0.288135593220339","0.5130434782608696","0.8888888888888888","0.5909090909090909","0.7972972972972973","0.7777777777777778","0.7848101265822784","0.3","0.9111111111111111","0.74","0.37735849056603776","0.9615384615384616","0.7358490566037735","0.7777777777777778","0.3541666666666667","0.32098765432098764","0.6153846153846154","0.56","0.20833333333333334","0.8604651162790697","0.2","0.28205128205128205"
