"split","Overall","AR","CP","FP-C","FP-S","LR","RR","action_recognition","attribute_comparison","attribute_recognition","celebrity_recognition","function_reasoning","future_prediction","identity_reasoning","image_emotion","image_quality","image_scene","image_style","image_topic","nature_relation","object_localization","ocr","physical_property_reasoning","physical_relation","social_relation","spatial_relationship","structuralized_imagetext_understanding"
"dev","0.6099656357388317","0.7185929648241206","0.7263513513513513","0.5524475524475524","0.621160409556314","0.288135593220339","0.4956521739130435","0.8333333333333334","0.5681818181818182","0.7567567567567568","0.7878787878787878","0.759493670886076","0.325","0.9333333333333333","0.74","0.2641509433962264","0.9519230769230769","0.6981132075471698","0.7777777777777778","0.375","0.30864197530864196","0.5897435897435898","0.5466666666666666","0.2916666666666667","0.7441860465116279","0.2","0.2692307692307692"
