{
    "Bleu": [
        68.06314095430382,
        50.705555139564076,
        36.585188566217724,
        26.089466823954098
    ],
    "ROUGE_L": 50.95362849181954,
    "CIDEr": 80.83856604986129
}